<?xml version="1.0" encoding="UTF-8"?>
<feature
      id="net.sf.jasperreports.feature"
      label="JasperReports Library Feature"
      version="6.11.0.final"
      provider-name="TIBCO Software Inc.">

   <description url="http://community.jaspersoft.com/project/jaspersoft-studio">
      JasperReports Library for TIBCO Jaspersoft Studio
   </description>

   <copyright>
      Copyright (C) 2010 - 2019. TIBCO Software Inc.
   </copyright>

   <url>
      <update label="TIBCO Jaspersoft Studio update site" url="http://jasperstudio.sf.net/updates"/>
      <discovery label="TIBCO Jaspersoft Studio Community Edition" url="http://community.jaspersoft.com/project/jaspersoft-studio"/>
   </url>

   <includes
         id="net.sf.jasperreports.samples.feature"
         version="6.11.0.final"
         optional="true"/>

   <includes
         id="com.jaspersoft.studio.foundation.bundles"
         version="1.0.14"/>

   <requires>
      <import plugin="org.eclipse.ui" version="3.6.0" match="greaterOrEqual"/>
      <import plugin="org.eclipse.core.runtime" version="3.6.0" match="greaterOrEqual"/>
      <import plugin="org.eclipse.core.resources" version="3.6.0" match="greaterOrEqual"/>
      <import plugin="org.eclipse.jdt.core" version="3.6.0" match="greaterOrEqual"/>
      <import plugin="org.eclipse.jdt.launching" version="3.5.100" match="greaterOrEqual"/>
      <import plugin="org.eclipse.jdt.ui" version="3.6.0" match="greaterOrEqual"/>
      <import plugin="org.eclipse.jface.text" version="3.6.0" match="greaterOrEqual"/>
      <import plugin="org.eclipse.ui.editors" version="3.6.0" match="greaterOrEqual"/>
      <import plugin="org.eclipse.ui.ide" version="3.6.0" match="greaterOrEqual"/>
      <import plugin="org.eclipse.ui.views" version="3.5.0" match="greaterOrEqual"/>
      <import plugin="org.eclipse.team.core" version="3.5.100" match="greaterOrEqual"/>
      <import plugin="org.eclipse.ui.navigator" version="3.5.0" match="greaterOrEqual"/>
      <import plugin="org.apache.xml.resolver" version="1.2.0" match="greaterOrEqual"/>
      <import plugin="org.apache.xml.serializer" version="2.7.1" match="greaterOrEqual"/>
      <import plugin="org.eclipse.core.databinding" version="1.3.100" match="greaterOrEqual"/>
      <import plugin="org.eclipse.jface.databinding" version="1.4.0" match="greaterOrEqual"/>
      <import plugin="org.eclipse.core.databinding.beans" version="1.2.100" match="greaterOrEqual"/>
      <import plugin="org.apache.xalan" version="2.7.1" match="greaterOrEqual"/>
      <import plugin="org.apache.commons.io" version="2.0.1" match="greaterOrEqual"/>
      <import plugin="org.apache.commons.logging" version="1.1.1" match="greaterOrEqual"/>
      <import plugin="org.apache.commons.dbcp" version="1.4.0" match="greaterOrEqual"/>
      <import plugin="org.eclipse.equinox.security" version="1.0.200" match="greaterOrEqual"/>
      <import plugin="org.eclipse.core.filesystem"/>
      <import plugin="joda-time" version="2.9.9" match="greaterOrEqual"/>
      <import plugin="org.dom4j" version="1.6.1" match="greaterOrEqual"/>
      <import plugin="org.krysalis.barcode4j" version="2.1.0" match="greaterOrEqual"/>
      <import plugin="com.jaspersoft.studio.bundles.batik" version="1.11.0" match="greaterOrEqual"/>
      <import plugin="org.w3c.dom.svg" version="1.1.0" match="greaterOrEqual"/>
      <import plugin="org.apache.servicemix.bundles.jaxen" version="1.1.6" match="greaterOrEqual"/>
      <import plugin="org.jfree.chart-osgi" version="1.0.19" match="greaterOrEqual"/>
      <import plugin="org.jfree.jcommon-osgi" version="1.0.23" match="greaterOrEqual"/>
      <import plugin="org.apache.servicemix.bundles.rhino" version="1.0.0" match="greaterOrEqual"/>
      <import plugin="com.jaspersoft.studio.bundles.xmlbeans" version="3.1.0" match="greaterOrEqual"/>
      <import plugin="org.apache.servicemix.bundles.antlr" version="2.7.7" match="greaterOrEqual"/>
      <import plugin="org.apache.commons.collections" version="3.2.2" match="greaterOrEqual"/>
      <import plugin="org.apache.commons.commons-collections4" version="4.4.0" match="greaterOrEqual"/>
      <import plugin="com.jaspersoft.studio.bundles.barbecue" version="1.5.0" match="greaterOrEqual"/>
      <import plugin="com.jaspersoft.studio.bundles.commons-beanutils" version="1.9.3" match="greaterOrEqual"/>
      <import plugin="com.jaspersoft.studio.bundles.commons-digester" version="2.1.0" match="greaterOrEqual"/>
      <import plugin="com.jaspersoft.studio.bundles.itext" version="2.1.7" match="greaterOrEqual"/>
      <import plugin="com.jaspersoft.studio.bundles.beanshell" version="2.0.0" match="greaterOrEqual"/>
      <import plugin="org.apache.xerces" version="2.9.0" match="greaterOrEqual"/>
      <import plugin="com.jaspersoft.studio.bundles.zxing" version="3.2.1" match="greaterOrEqual"/>
      <import plugin="org.apache.httpcomponents.httpclient" version="4.3.4" match="greaterOrEqual"/>
      <import plugin="org.apache.httpcomponents.httpcore" version="4.3.3" match="greaterOrEqual"/>
      <import plugin="org.eclipse.core.net" version="1.2.100" match="greaterOrEqual"/>
      <import plugin="groovy-all" version="2.4.16" match="greaterOrEqual"/>
      <import plugin="org.eclipse.ui.console" version="3.5.0" match="greaterOrEqual"/>
      <import plugin="org.eclipse.ui.forms" version="3.5.0" match="greaterOrEqual"/>
      <import plugin="com.jaspersoft.studio.bundles.jackson" version="2.10.0" match="greaterOrEqual"/>
      <import plugin="javax.servlet"/>
      <import plugin="org.apache.commons.lang"/>
      <import plugin="com.jaspersoft.studio.bundles.poi" version="4.1.1" match="greaterOrEqual"/>
   </requires>

   <plugin
         id="net.sf.jasperreports"
         download-size="11484"
         install-size="13507"
         version="6.11.0.final"
         unpack="false"/>

   <plugin
         id="net.sf.jasperreports.doc"
         download-size="20185"
         install-size="21875"
         version="6.11.0.final"
         unpack="false"/>

</feature>
