<?xml version="1.0" encoding="UTF-8"?>
<feature
      id="com.jaspersoft.studio.supplemental.bundles"
      label="Additional bundles for the Community Edition"
      version="6.11.0.final"
      provider-name="Tibco Software Inc.">

   <description url="http://community.jaspersoft.com/project/jaspersoft-studio">
      Additional bundles for the Community Edition
   </description>

   <copyright>
      Copyright (C) 2010 - 2019. TIBCO Software Inc.
   </copyright>

   <url>
      <update label="TIBCO Jaspersoft Studio update site" url="http://jasperstudio.sf.net/updates"/>
      <discovery label="TIBCO Jaspersoft Studio Community Edition" url="http://community.jaspersoft.com/project/jaspersoft-studio"/>
   </url>

   <requires>
      <import plugin="com.jaspersoft.studio" version="6.11.0" match="greaterOrEqual"/>
      <import plugin="org.w3c.css.sac" version="1.3.1" match="greaterOrEqual"/>
   </requires>

   <plugin
         id="com.jaspersoft.studio.svgimporter"
         download-size="50"
         install-size="95"
         version="6.11.0.final"
         unpack="false"/>

</feature>
