<?xml version="1.0" encoding="UTF-8"?>
<feature
      id="com.jaspersoft.studio.feature"
      label="Jaspersoft Studio feature"
      version="6.11.0.final"
      provider-name="TIBCO Software Inc."
      plugin="com.jaspersoft.studio"
      os="linux,macosx,win32"
      ws="cocoa,gtk,win32">

   <description url="http://community.jaspersoft.com/project/jaspersoft-studio">
      TIBCO Jaspersoft Studio Community Edition
   </description>

   <copyright>
      Copyright (C) 2010 - 2019. TIBCO Software Inc.
   </copyright>

   <license url="%licenseURL">
      %license
   </license>

   <url>
      <update label="TIBCO Jaspersoft Studio update site" url="http://jasperstudio.sf.net/updates"/>
      <discovery label="TIBCO Jaspersoft Studio Community Edition" url="http://community.jaspersoft.com/project/jaspersoft-studio"/>
   </url>

   <includes
         id="net.sf.jasperreports.feature"
         version="6.11.0.final"
         search-location="both"/>

   <includes
         id="com.jaspersoft.studio.supplemental.bundles"
         version="6.11.0.final"
         optional="true"
         search-location="both"/>

   <requires>
      <import plugin="org.eclipse.ui.cheatsheets" version="3.4.0" match="greaterOrEqual"/>
      <import plugin="org.eclipse.core.filesystem" version="1.3.0" match="greaterOrEqual"/>
      <import plugin="org.eclipse.gef" version="3.6.0" match="greaterOrEqual"/>
      <import plugin="net.sf.jasperreports" version="6.11.0" match="greaterOrEqual"/>
      <import plugin="com.jaspersoft.studio.properties" version="6.11.0" match="greaterOrEqual"/>
      <import plugin="org.eclipse.help.ui" version="3.5.0" match="greaterOrEqual"/>
      <import plugin="org.eclipse.ui.forms" version="3.5.0" match="greaterOrEqual"/>
      <import plugin="javax.servlet" version="3.0.0" match="greaterOrEqual"/>
      <import plugin="org.apache.log4j" version="1.2.15" match="greaterOrEqual"/>
      <import plugin="org.eclipse.nebula.widgets.cdatetime" version="1.0.0" match="greaterOrEqual"/>
      <import plugin="com.jaspersoft.studio.babel.editor" version="6.11.0" match="greaterOrEqual"/>
      <import plugin="org.eclipse.ui.workbench"/>
      <import plugin="net.sf.jasperreports.samples" version="6.11.0" match="greaterOrEqual"/>
      <import plugin="org.eclipse.swt"/>
      <import plugin="org.eclipse.pde.ui"/>
      <import plugin="org.eclipse.jetty.util"/>
      <import plugin="org.eclipse.jetty.server"/>
      <import plugin="org.eclipse.jetty.servlet"/>
      <import plugin="com.ibm.icu"/>
      <import plugin="org.apache.commons.codec" version="1.6.0" match="greaterOrEqual"/>
      <import plugin="org.w3c.css.sac" version="1.3.1" match="greaterOrEqual"/>
      <import plugin="org.eclipse.ui.ide"/>
      <import plugin="com.jaspersoft.studio" version="6.11.0" match="greaterOrEqual"/>
      <import plugin="com.jaspersoft.studio.server" version="6.11.0" match="greaterOrEqual"/>
      <import plugin="org.apache.commons.pool" version="1.6.0" match="greaterOrEqual"/>
      <import plugin="org.apache.commons.lang" version="2.6.0" match="greaterOrEqual"/>
      <import plugin="org.slf4j.api" version="1.6.4" match="greaterOrEqual"/>
      <import plugin="com.jaspersoft.studio.widgets.map" version="6.11.0" match="greaterOrEqual"/>
      <import plugin="org.eclipse.core.net" version="1.2.100" match="greaterOrEqual"/>
      <import plugin="com.jaspersoft.studio.data" version="6.11.0" match="greaterOrEqual"/>
      <import plugin="com.ibm.icu" version="4.2.1" match="greaterOrEqual"/>
      <import plugin="org.apache.httpcomponents.httpclient" version="4.3.4" match="greaterOrEqual"/>
      <import plugin="org.apache.httpcomponents.httpcore" version="4.3.2" match="greaterOrEqual"/>
      <import plugin="com.jaspersoft.studio.book" version="6.11.0" match="greaterOrEqual"/>
      <import plugin="org.apache.commons.lang3" version="3.8.1" match="greaterOrEqual"/>
      <import plugin="org.eclipse.ui" version="3.6.0" match="greaterOrEqual"/>
      <import plugin="org.eclipse.ui.views" version="3.5.0" match="greaterOrEqual"/>
      <import plugin="org.eclipse.core.runtime" version="3.6.0" match="greaterOrEqual"/>
      <import plugin="org.eclipse.draw2d"/>
      <import plugin="org.eclipse.xtext.ui" version="2.8.4" match="greaterOrEqual"/>
      <import plugin="org.eclipse.xtext.common.types" version="2.8.4" match="greaterOrEqual"/>
      <import plugin="org.eclipse.xtext"/>
      <import plugin="org.eclipse.xtext.util"/>
      <import plugin="org.eclipse.emf.ecore"/>
      <import plugin="org.eclipse.emf.common"/>
      <import plugin="org.antlr.runtime"/>
      <import plugin="com.jaspersoft.studio.editor.jrexpressions" version="6.11.0" match="greaterOrEqual"/>
      <import plugin="org.eclipse.xtext.ui.shared" version="2.8.4" match="greaterOrEqual"/>
      <import plugin="org.eclipse.xtext.builder" version="2.8.4" match="greaterOrEqual"/>
      <import plugin="org.eclipse.xtext.common.types.ui" version="2.8.4" match="greaterOrEqual"/>
      <import plugin="org.eclipse.xtext.ui.codetemplates.ui" version="2.8.4" match="greaterOrEqual"/>
      <import plugin="com.jaspersoft.studio.xtext.jface" version="6.11.0" match="greaterOrEqual"/>
      <import plugin="org.eclipse.ui.editors"/>
      <import plugin="com.jaspersoft.studio.data.sql" version="6.11.0" match="greaterOrEqual"/>
      <import plugin="org.eclipse.xtext.xbase.lib"/>
      <import plugin="org.eclipse.xtext" version="2.8.4" match="greaterOrEqual"/>
      <import plugin="org.eclipse.xtext.util" version="2.8.4" match="greaterOrEqual"/>
      <import plugin="org.eclipse.core.runtime" version="3.6.0" match="compatible"/>
      <import plugin="org.eclipse.core.expressions" version="3.4.0" match="compatible"/>
      <import plugin="org.eclipse.ui.ide" version="3.6.0" match="compatible"/>
      <import plugin="org.eclipse.jface" version="3.6.0" match="compatible"/>
      <import plugin="org.eclipse.jface.text" version="3.6.0" match="compatible"/>
      <import plugin="org.eclipse.emf.common" version="2.6.0" match="compatible"/>
      <import plugin="org.eclipse.xtext.ui" version="2.0.0" match="compatible"/>
      <import plugin="org.eclipse.help" version="3.5.0" match="greaterOrEqual"/>
      <import plugin="org.eclipse.core.resources" version="3.6.0" match="greaterOrEqual"/>
      <import plugin="org.eclipse.ltk.core.refactoring" version="3.5.100" match="greaterOrEqual"/>
      <import plugin="org.eclipse.ltk.ui.refactoring" version="3.5.0" match="greaterOrEqual"/>
      <import plugin="org.eclipse.ui.editors" version="3.6.0" match="greaterOrEqual"/>
      <import plugin="org.eclipse.jface.text" version="3.6.0" match="greaterOrEqual"/>
      <import plugin="org.eclipse.ui.ide" version="3.6.0" match="greaterOrEqual"/>
      <import plugin="org.eclipse.jdt.core" version="3.6.0" match="greaterOrEqual"/>
      <import plugin="org.apache.commons.httpclient" version="3.1.0" match="greaterOrEqual"/>
      <import plugin="org.apache.commons.codec" version="1.3.0" match="greaterOrEqual"/>
      <import plugin="org.apache.commons.discovery" version="0.2.0" match="greaterOrEqual"/>
      <import plugin="org.eclipse.ui.console"/>
      <import plugin="com.jaspersoft.studio.bundles.bouncycastle" version="1.62.0" match="greaterOrEqual"/>
   </requires>

   <plugin
         id="com.jaspersoft.studio"
         download-size="25062"
         install-size="42664"
         version="6.11.0.final"
         unpack="false"/>

   <plugin
         id="com.jaspersoft.studio.doc"
         download-size="25502"
         install-size="26662"
         version="6.11.0.final"
         unpack="false"/>

   <plugin
         id="com.jaspersoft.studio.html"
         download-size="1209"
         install-size="1341"
         version="6.11.0.final"
         unpack="false"/>

   <plugin
         id="com.jaspersoft.studio.data"
         download-size="4315"
         install-size="5154"
         version="6.11.0.final"
         unpack="false"/>

   <plugin
         id="com.jaspersoft.studio.components"
         download-size="3152"
         install-size="6055"
         version="6.11.0.final"
         unpack="false"/>

   <plugin
         id="com.jaspersoft.studio.server"
         download-size="10154"
         install-size="14454"
         version="6.11.0.final"
         unpack="false"/>

   <plugin
         id="com.jaspersoft.studio.data.mongodb"
         download-size="2030"
         install-size="2292"
         version="6.11.0.final"
         unpack="false"/>

   <plugin
         id="com.jaspersoft.studio.properties"
         download-size="233"
         install-size="533"
         version="6.11.0.final"
         unpack="false"/>

   <plugin
         id="com.jaspersoft.studio.data.drivers"
         download-size="11720"
         install-size="12308"
         version="6.11.0.final"
         unpack="false"/>

   <plugin
         id="com.jaspersoft.studio.community"
         download-size="122"
         install-size="228"
         version="6.11.0.final"
         unpack="false"/>

   <plugin
         id="com.jaspersoft.studio.editor.jrexpressions"
         download-size="756"
         install-size="2164"
         version="6.11.0.final"
         unpack="false"/>

   <plugin
         id="com.jaspersoft.studio.editor.jrexpressions.ui"
         download-size="251"
         install-size="790"
         version="6.11.0.final"
         unpack="false"/>

   <plugin
         id="com.jaspersoft.studio.data.sql.ui"
         download-size="793"
         install-size="2387"
         version="6.11.0.final"
         unpack="false"/>

   <plugin
         id="com.jaspersoft.studio.data.sql"
         download-size="1627"
         install-size="4503"
         version="6.11.0.final"
         unpack="false"/>

   <plugin
         id="com.jaspersoft.studio.xtext.jface"
         download-size="68"
         install-size="133"
         version="6.11.0.final"
         unpack="false"/>

   <plugin
         id="com.jaspersoft.studio.babel.editor"
         download-size="1716"
         install-size="2399"
         version="6.11.0.final"
         unpack="false"/>

   <plugin
         id="com.jaspersoft.studio.server.soap"
         download-size="656"
         install-size="874"
         version="6.11.0.final"
         unpack="false"/>

   <plugin
         id="com.jaspersoft.studio.hibernate"
         download-size="12426"
         install-size="13878"
         version="5.4.1.final"
         unpack="false"/>

   <plugin
         id="com.jaspersoft.studio.book"
         download-size="254"
         install-size="491"
         version="6.11.0.final"
         unpack="false"/>

   <plugin
         id="com.jaspersoft.studio.components.customvisualization"
         download-size="7130"
         install-size="9279"
         version="6.11.0.final"
         unpack="false"/>

   <plugin
         id="com.jaspersoft.studio.widgets.map"
         download-size="121"
         install-size="242"
         version="6.11.0.final"
         unpack="false"/>

</feature>
