<?xml version="1.0" encoding="UTF-8"?>
<feature
      id="net.sf.jasperreports.samples.feature"
      label="JasperReports Library Samples Feature"
      version="6.11.0.final"
      provider-name="TIBCO Software Inc."
      os="linux,macosx,win32"
      ws="carbon,cocoa,gtk,win32">

   <description url="http://community.jaspersoft.com/project/jaspersoft-studio">
      JasperReports Samples for TIBCO Jaspersoft Studio
   </description>

   <copyright>
      Copyright (C) 2010 - 2019. TIBCO Software Inc.
   </copyright>

   <url>
      <update label="TIBCO Jaspersoft Studio update site" url="http://jasperstudio.sf.net/updates"/>
      <discovery label="TIBCO Jaspersoft Studio Community Edition" url="http://community.jaspersoft.com/project/jaspersoft-studio"/>
   </url>

   <requires>
      <import plugin="net.sf.jasperreports" version="6.11.0" match="greaterOrEqual"/>
      <import plugin="net.sf.jasperreports.samples" version="6.11.0" match="greaterOrEqual"/>
      <import plugin="net.sf.jasperreports.doc" version="6.11.0" match="greaterOrEqual"/>
      <import plugin="org.eclipse.ui.navigator.resources" version="3.4.200" match="greaterOrEqual"/>
      <import plugin="com.jaspersoft.studio.doc" version="2.0.1" match="greaterOrEqual"/>
   </requires>

   <plugin
         id="net.sf.jasperreports.samples"
         download-size="4822"
         install-size="4906"
         version="6.11.0.final"
         unpack="false"/>

   <plugin
         id="com.jaspersoft.studio.doc.samples"
         download-size="25"
         install-size="41"
         version="6.11.0.final"
         fragment="true"
         unpack="false"/>

</feature>
